{"cameraMode":{"drawMode":0,"name":"Shaded","section":"Shading Mode"},"sceneLighting":false,"audioPlay":false,"sceneViewState":{"m_AlwaysRefresh":false,"showFog":true,"showSkybox":false,"showFlares":true,"showImageEffects":true,"showParticleSystems":true,"showVisualEffectGraphs":true,"m_FxEnabled":true},"in2DMode":false,"pivot":{"x":6.241168022155762,"y":8.880512237548829,"z":13.744823455810547},"rotation":{"x":0.016596615314483644,"y":-0.9165242910385132,"z":0.39780378341674807,"w":0.03823784366250038},"size":3.5845565795898439,"orthographic":false}