{"cameraMode":{"drawMode":0,"name":"Shaded","section":"Shading Mode"},"sceneLighting":false,"audioPlay":false,"sceneViewState":{"m_AlwaysRefresh":false,"showFog":true,"showSkybox":false,"showFlares":true,"showImageEffects":true,"showParticleSystems":true,"showVisualEffectGraphs":true,"m_FxEnabled":true},"in2DMode":false,"pivot":{"x":24.220531463623048,"y":0.3412170112133026,"z":4.874239921569824},"rotation":{"x":0.0371059849858284,"y":-0.39974913001060488,"z":0.016198433935642244,"w":0.9157318472862244},"size":1.810103416442871,"orthographic":false}