{"cameraMode":{"drawMode":0,"name":"Shaded","section":"Shading Mode"},"sceneLighting":true,"audioPlay":false,"sceneViewState":{"m_AlwaysRefresh":false,"showFog":true,"showSkybox":true,"showFlares":true,"showImageEffects":true,"showParticleSystems":true,"showVisualEffectGraphs":true,"m_FxEnabled":true},"in2DMode":false,"pivot":{"x":15.039482116699219,"y":1.0527682304382325,"z":-2.282637119293213},"rotation":{"x":0.004498173017054796,"y":-0.028495924547314645,"z":0.00012827552563976496,"w":0.9995853304862976},"size":3.747326612472534,"orthographic":false}