{"cameraMode":{"drawMode":0,"name":"Shaded","section":"Shading Mode"},"sceneLighting":true,"audioPlay":false,"sceneViewState":{"m_AlwaysRefresh":false,"showFog":true,"showSkybox":true,"showFlares":true,"showImageEffects":true,"showParticleSystems":true,"showVisualEffectGraphs":true,"m_FxEnabled":true},"in2DMode":false,"pivot":{"x":12.533673286437989,"y":2.8580164909362795,"z":-3.090320587158203},"rotation":{"x":-0.11424151062965393,"y":-0.20412030816078187,"z":-0.02399168163537979,"w":0.9719634056091309},"size":3.747326612472534,"orthographic":false}