{"cameraMode":{"drawMode":0,"name":"Shaded","section":"Shading Mode"},"sceneLighting":true,"audioPlay":false,"sceneViewState":{"m_AlwaysRefresh":false,"showFog":true,"showSkybox":true,"showFlares":true,"showImageEffects":true,"showParticleSystems":true,"showVisualEffectGraphs":true,"m_FxEnabled":true},"in2DMode":false,"pivot":{"x":-14.598337173461914,"y":-19.255252838134767,"z":47.184120178222659},"rotation":{"x":0.1624741107225418,"y":-0.05975715070962906,"z":0.009859038516879082,"w":0.9848542213439941},"size":84.5613784790039,"orthographic":false}